ID,注意事項
1,毎週火曜日、金曜日
2,毎週水曜日
3,毎月第2木曜日
4,毎月第2月曜日
5,毎月第4月曜日
6,毎週火曜日、金曜日
7,毎週月曜日
8,毎月第4水曜日
9,毎月第3木曜日
10,毎月第1木曜日
11,毎週火曜日、金曜日
12,毎週木曜日
13,毎月第1水曜日
14,毎月第3水曜日
15,毎月第2月曜日
16,毎週水曜日、土曜日
17,毎週月曜日
18,毎月第3火曜日
19,毎月第1木曜日
20,毎月第3木曜日
21,毎週月曜日、木曜日
22,毎週水曜日
23,毎月第2金曜日
24,毎月第2火曜日
25,毎月第4火曜日
26,毎週月曜日、木曜日
27,毎週火曜日
28,毎月第4金曜日
29,毎月第3金曜日
30,毎月第1金曜日
31,毎週水曜日、土曜日
32,毎週金曜日
33,毎月第4木曜日
34,毎月第4火曜日
35,毎月第2火曜日
36,毎週月曜日、木曜日
37,毎週火曜日
38,毎月第2水曜日
39,毎月第1金曜日
40,毎月第3金曜日
41,毎週水曜日、土曜日
42,毎週金曜日
43,毎月第1金曜日
44,毎月第2金曜日
45,毎月第4金曜日
46,毎週月曜日、木曜日
47,毎週金曜日
48,毎月第1金曜日
49,毎月第2金曜日
50,毎月第4金曜日
51,毎週月曜日、木曜日
52,毎週火曜日
53,毎月第1火曜日
54,毎月第2火曜日
55,毎月第4火曜日
56,毎週火曜日、金曜日
57,毎週水曜日
58,毎月第1水曜日
59,毎月第2水曜日
60,毎月第4水曜日
61,毎週火曜日、金曜日
62,毎週木曜日
63,毎月第1木曜日
64,毎月第2木曜日
65,毎月第4木曜日
66,毎週水曜日、土曜日
67,毎週木曜日
68,毎月第1木曜日
69,毎月第2木曜日
70,毎月第4木曜日
71,毎週月曜日、木曜日
72,毎週月曜日
73,毎月第1水曜日
74,毎月第1木曜日
75,毎月第3木曜日
76,毎週火曜日、金曜日
77,毎週火曜日
78,毎月第2水曜日
79,毎月第1金曜日
80,毎月第3金曜日
81,毎週月曜日、木曜日
82,毎週月曜日
83,毎月第3水曜日
84,毎月第1木曜日
85,毎月第3木曜日
86,毎週水曜日、土曜日
87,毎週金曜日
88,毎月第3木曜日
89,毎月第3月曜日
90,毎月第1月曜日
91,毎週水曜日、土曜日
92,毎週金曜日
93,毎月第1木曜日
94,毎月第3月曜日
95,毎月第1月曜日
96,毎週火曜日、金曜日
97,毎週木曜日
98,毎月第3水曜日
99,毎月第3月曜日
100,毎月第1月曜日
101,毎週火曜日、金曜日
102,毎週木曜日
103,毎月第1水曜日
104,毎月第3月曜日
105,毎月第1月曜日
106,毎週月曜日、木曜日
107,毎週水曜日
108,毎月第4金曜日
109,毎月第3火曜日
110,毎月第1火曜日
111,毎週月曜日、木曜日
112,毎週水曜日
113,毎月第2金曜日
114,毎月第3火曜日
115,毎月第1火曜日
116,毎週火曜日、金曜日
117,毎週金曜日
118,毎月第4水曜日
119,毎月第4水曜日
120,毎月第3火曜日
121,毎週月曜日、木曜日
122,毎週木曜日
123,毎月第3水曜日
124,毎月第3水曜日
125,毎月第3月曜日